Spectrum,Proportion_GT
SARS-CoV-2_all_LRT_URT,0.18140160
SARS-CoV-2_allURT,0.09805272
Alpha,0.16832968
Beta,0.18301833
Gamma,0.17873193
Delta,0.18518404
BA.1,0.09392381
BA.2,0.09662385
BA.4,0.11041067
BA.5,0.12469544
MERS,0.11129793
OC43,0.10134002
H1N1,0.02908056
H3N2,0.03419280
BVic,0.02192776
BYam,0.03811897
